{
  "train_loss": [
    3.2868419790267946,
    2.7580034732818604,
    2.1846168661117553,
    1.815920295715332,
    1.5794002735614776,
    1.3650381845235824,
    1.2085531258583069,
    1.1151222425699234,
    1.004079931974411,
    0.9116736125946044,
    0.8571183651685714,
    0.782346895635128,
    0.727413862645626,
    0.690257728099823,
    0.6336527502536774,
    0.6054502287507058,
    0.5527714443206787,
    0.5315265735983848,
    0.5016783633828164,
    0.47571364492177964,
    0.46210242971777915,
    0.42146640017628667,
    0.4022510896623135,
    0.38091845422983167,
    0.3476709078252316,
    0.3403741450607777,
    0.335126721560955,
    0.29670260012149813,
    0.28409789949655534,
    0.2761326585710049,
    0.25090548776090144,
    0.24904342472553254,
    0.2077532136440277,
    0.1832048737257719,
    0.18178459599614144,
    0.1627534516900778,
    0.1577521887421608,
    0.15827016618102788,
    0.14212939608842134,
    0.1407873285934329,
    0.13809298288077115,
    0.11180758319795131,
    0.11250102788209915,
    0.10067737041041255,
    0.10057805702090264,
    0.09848250411450862,
    0.09448297552764416,
    0.08605508927255869,
    0.07767111845314503,
    0.08063666360452772
  ],
  "train_acc": [
    0.08991399530883502,
    0.24206411258795935,
    0.4040656763096169,
    0.5008600469116498,
    0.5604378420641126,
    0.6125097732603596,
    0.6539483971853011,
    0.6784988272087569,
    0.7110242376856919,
    0.7338545738858483,
    0.7524628616106334,
    0.7696637998436279,
    0.7885848318999218,
    0.7954652071931196,
    0.8151681000781861,
    0.8170445660672401,
    0.836278342455043,
    0.8430023455824863,
    0.8473807662236122,
    0.8573885848319,
    0.8591086786551994,
    0.871618451915559,
    0.873182173573104,
    0.8813135261923377,
    0.889601250977326,
    0.8958561376075058,
    0.8946051602814699,
    0.9039874902267396,
    0.909773260359656,
    0.9111806098514464,
    0.9183737294761533,
    0.9189992181391712,
    0.9341673182173573,
    0.9402658326817827,
    0.9394839718530101,
    0.9468334636434714,
    0.9465207193119625,
    0.9488663017982799,
    0.9532447224394058,
    0.9534010946051603,
    0.9551211884284597,
    0.9645035183737295,
    0.9648162627052385,
    0.9681000781860829,
    0.9684128225175919,
    0.9702892885066459,
    0.9685691946833463,
    0.9748240813135262,
    0.9768569194683346,
    0.9746677091477717
  ],
  "val_loss": [
    3.062201738357544,
    2.2702492078145347,
    1.8794699410597484,
    1.6775870720545452,
    1.5628916919231415,
    1.2822201053301494,
    1.1039108385642369,
    1.0180376321077347,
    1.0671319663524628,
    0.9215347195665041,
    0.872412291665872,
    0.7568227524558703,
    0.7496878256400427,
    0.7383064652482668,
    0.7981904918948809,
    0.6556371301412582,
    0.6022598830362161,
    0.6206361502408981,
    0.609693706035614,
    0.5578447319567204,
    0.5492337296406428,
    0.579876442750295,
    0.5385542797545592,
    0.5461688488721848,
    0.49822286143898964,
    0.47860688095291454,
    0.5491954994698366,
    0.5207867796222369,
    0.4987945109605789,
    0.5285305492579937,
    0.5281544687847296,
    0.5842821138600508,
    0.4645777183274428,
    0.4939557760953903,
    0.4456065868337949,
    0.5478512085974216,
    0.5129153548429409,
    0.5063443072140217,
    0.498687993735075,
    0.46112336590886116,
    0.48853681857387227,
    0.4525618565579255,
    0.4648753746102254,
    0.48667043757935363,
    0.476075970257322,
    0.4572532357027133,
    0.47600120554367703,
    0.4607448677221934,
    0.4675384641935428,
    0.46121716561416787
  ],
  "val_acc": [
    0.1411451398135819,
    0.37017310252996005,
    0.47270306258322237,
    0.5459387483355526,
    0.5512649800266312,
    0.6338215712383488,
    0.6764314247669774,
    0.7043941411451398,
    0.7017310252996005,
    0.7430093209054593,
    0.7523302263648469,
    0.7749667110519307,
    0.7696404793608522,
    0.7656458055925432,
    0.758988015978695,
    0.7909454061251664,
    0.8242343541944075,
    0.810918774966711,
    0.8149134487350199,
    0.8322237017310253,
    0.8202396804260985,
    0.8348868175765646,
    0.8388814913448736,
    0.8322237017310253,
    0.8575233022636485,
    0.8535286284953395,
    0.8375499334221038,
    0.8428761651131824,
    0.8575233022636485,
    0.8521970705725699,
    0.8548601864181092,
    0.8255659121171771,
    0.8708388814913449,
    0.8628495339547271,
    0.8655126498002663,
    0.8495339547270306,
    0.8668442077230359,
    0.8708388814913449,
    0.8615179760319573,
    0.8841544607190412,
    0.8575233022636485,
    0.8761651131824234,
    0.8735019973368842,
    0.8721704394141145,
    0.8708388814913449,
    0.8708388814913449,
    0.8761651131824234,
    0.8801597869507324,
    0.8721704394141145,
    0.8721704394141145
  ],
  "val_f1_macro": [
    0.04879759115648756,
    0.19129040337216682,
    0.2808138439968219,
    0.36099996326997175,
    0.38367697941958473,
    0.4744457070363469,
    0.5266393770437137,
    0.5527001206985755,
    0.57112824484457,
    0.5905825135059076,
    0.615016132596266,
    0.6487484894253237,
    0.6267165903327168,
    0.6170586902694851,
    0.6283598189378936,
    0.6638583008896634,
    0.7206535239547153,
    0.6978560338821961,
    0.7176400827544163,
    0.7289314617248424,
    0.7155381602596291,
    0.751866302978843,
    0.7454473472150178,
    0.7337401099293237,
    0.7682338849730428,
    0.7532050346204351,
    0.732109011157339,
    0.7661162862908437,
    0.772728137829871,
    0.7701794996145254,
    0.7770463037107,
    0.7334717851415438,
    0.7781882951098866,
    0.7577814837331469,
    0.7760252866921997,
    0.786173951013117,
    0.7853944601442244,
    0.7917117752979067,
    0.7602913773364411,
    0.7995411531101242,
    0.7650955182496869,
    0.7948558622009689,
    0.7901697048154335,
    0.783454651975153,
    0.7837528347647148,
    0.7856535730043663,
    0.7846453076052107,
    0.7921570570878702,
    0.7851952235730615,
    0.7763092127224156
  ]
}