{
  "train_loss": [
    3.267422444820404,
    2.75078891992569,
    2.1442793715000152,
    1.781757494211197,
    1.543138144016266,
    1.3464201748371125,
    1.187087898850441,
    1.0630461132526399,
    0.9662658822536468,
    0.8984805744886398,
    0.8207217234373093,
    0.7866782429814339,
    0.7121024677157402,
    0.6498481273651123,
    0.6113252183794975,
    0.5655217123031616,
    0.5389756163954735,
    0.48903478592634203,
    0.48406305208802225,
    0.46503269001841546,
    0.42585645273327827,
    0.40805585116147997,
    0.37621413454413416,
    0.3686457547545433,
    0.34071710869669913,
    0.33092460498213766,
    0.30789317324757576,
    0.2976274198293686,
    0.2744811785966158,
    0.2793146073818207,
    0.27052972294390204,
    0.24404183641076088,
    0.2312734305858612,
    0.21662738502025605,
    0.21132681861519814,
    0.19132202863693237,
    0.18107245974242686,
    0.18922146283090113,
    0.16246778927743435,
    0.13901567399501802,
    0.12849990397691727,
    0.10739264346659183,
    0.1051894230209291,
    0.09954002380371094,
    0.09169843642041087,
    0.08133126782253385,
    0.07517937799915671,
    0.0729675460420549
  ],
  "train_acc": [
    0.10351837372947616,
    0.2591086786551994,
    0.42376856919468336,
    0.5191555903049258,
    0.5745113369820172,
    0.6265832681782643,
    0.6620797498045348,
    0.6947615324472244,
    0.7219702892885066,
    0.7379202501954653,
    0.7651290070367475,
    0.7655981235340109,
    0.7918686473807662,
    0.8076622361219703,
    0.8190774042220484,
    0.8328381548084441,
    0.8415949960906959,
    0.8566067240031274,
    0.8483189992181391,
    0.8581704456606724,
    0.872243940578577,
    0.8759968725566849,
    0.8802189210320563,
    0.8858483189992181,
    0.8949179046129789,
    0.8969507427677873,
    0.9041438623924941,
    0.9035183737294762,
    0.9133698201720094,
    0.911024237685692,
    0.9130570758405004,
    0.9204065676309617,
    0.928381548084441,
    0.9285379202501954,
    0.928381548084441,
    0.9354182955433933,
    0.9380766223612197,
    0.9344800625488663,
    0.947615324472244,
    0.9543393275996872,
    0.9559030492572322,
    0.9652853792025019,
    0.9652853792025019,
    0.9682564503518374,
    0.9701329163408913,
    0.9723221266614542,
    0.9767005473025802,
    0.9773260359655981
  ],
  "val_loss": [
    3.0257033705711365,
    2.2241700490315757,
    1.8524457116921742,
    1.5904498199621837,
    1.383922611673673,
    1.2017548729976018,
    1.1155507961908977,
    1.1051192233959835,
    0.9145168463389078,
    0.8766791572173437,
    0.8250644852717718,
    0.833899108072122,
    0.8784275129437447,
    0.6982516199350357,
    0.7215893243749937,
    0.7196306064724922,
    0.6707854643464088,
    0.6278509696324667,
    0.6664650018016497,
    0.7199966311454773,
    0.6671300306916237,
    0.5461350927750269,
    0.6188531070947647,
    0.6038773854573568,
    0.5994992280999819,
    0.5590133517980576,
    0.5934553742408752,
    0.5360328381260236,
    0.6130643114447594,
    0.5904476642608643,
    0.5367947568496069,
    0.6307678744196892,
    0.5217507729927698,
    0.7655593262364467,
    0.5580731332302094,
    0.5332119291027387,
    0.6448232705394427,
    0.6523468121886253,
    0.6684360653162003,
    0.5972946559389433,
    0.6309597541888555,
    0.6641557067632675,
    0.6329490517576536,
    0.6380881282190481,
    0.6432134062051773,
    0.601042507837216,
    0.6070049268503984,
    0.5956808775663376
  ],
  "val_acc": [
    0.14513981358189082,
    0.39014647137150466,
    0.5086551264980027,
    0.5605858854860186,
    0.6058588548601864,
    0.6537949400798935,
    0.6790945406125166,
    0.6764314247669774,
    0.7283621837549934,
    0.748335552596538,
    0.7603195739014648,
    0.7430093209054593,
    0.7536617842876165,
    0.7922769640479361,
    0.7802929427430093,
    0.7909454061251664,
    0.8055925432756325,
    0.8282290279627164,
    0.8082556591211718,
    0.8042609853528628,
    0.8082556591211718,
    0.848202396804261,
    0.8242343541944075,
    0.8282290279627164,
    0.8282290279627164,
    0.8362183754993342,
    0.8308921438082557,
    0.8548601864181092,
    0.8282290279627164,
    0.8348868175765646,
    0.8535286284953395,
    0.829560585885486,
    0.8548601864181092,
    0.8175765645805593,
    0.8601864181091877,
    0.8601864181091877,
    0.848202396804261,
    0.8255659121171771,
    0.8322237017310253,
    0.8601864181091877,
    0.8468708388814914,
    0.8521970705725699,
    0.8455392809587217,
    0.8508655126498003,
    0.8588548601864181,
    0.8655126498002663,
    0.8628495339547271,
    0.8668442077230359
  ],
  "val_f1_macro": [
    0.03896278794732297,
    0.2133200375436045,
    0.315333474921512,
    0.34974029067017487,
    0.41237147314674666,
    0.45530460136406603,
    0.5122716112969476,
    0.5073651070810574,
    0.575142925807558,
    0.6039212677987268,
    0.6220784571315502,
    0.5911118324484483,
    0.6257363206875364,
    0.6567541123337628,
    0.6380350583163819,
    0.6611688607544857,
    0.6842672579589285,
    0.7247818862705964,
    0.6774238304276681,
    0.6959446233025692,
    0.7039452270882631,
    0.7564748053443099,
    0.7410256105797974,
    0.725542698296892,
    0.7196447251914313,
    0.7318339247427919,
    0.737343158040459,
    0.7639002700044308,
    0.7425412285662578,
    0.7489112611673694,
    0.7643995972657964,
    0.7409445710948626,
    0.7752871637644417,
    0.752268172737364,
    0.7751764669779249,
    0.7651801763118602,
    0.7758370672621024,
    0.7447623899137269,
    0.752484171255752,
    0.7992804840775205,
    0.7457151971646295,
    0.768206041197792,
    0.7601561523650546,
    0.7766474885896624,
    0.8029486820443834,
    0.8084290157504086,
    0.8156214606188016,
    0.8254006866571562
  ]
}