{
  "Graph Transformer\n(with PPI topology)": {
    "test_c_index": 0.7503494024276733,
    "val_c_index": 0.791861355304718,
    "n_params": 2021193,
    "uses_topology": true
  },
  "MLP\n(no topology)": {
    "test_c_index": 0.7601010203361511,
    "val_c_index": 0.8156858682632446,
    "n_params": 271873,
    "uses_topology": false
  },
  "Transformer\n(no graph bias)": {
    "test_c_index": 0.7105330228805542,
    "val_c_index": 0.7617245316505432,
    "n_params": 1672161,
    "uses_topology": false
  },
  "Protein-only MLP\n(no clinical/genomic)": {
    "test_c_index": 0.7167587876319885,
    "val_c_index": 0.8072438836097717,
    "n_params": 266241,
    "uses_topology": false
  }
}