{
  "train_loss": [
    3.6525163912511136,
    3.388801933644892,
    3.3854340458964254,
    3.3375264681302586,
    3.345168428024748,
    3.3308191875835043,
    3.3463746191381096,
    3.325950792857579,
    3.3111882550375804,
    3.2718759152915453,
    3.2395828608628157,
    3.177914946943849,
    3.11220735508007,
    3.1274429075419903,
    3.066261058325296,
    3.053114720753261,
    3.0386310200114828,
    3.004813021355933,
    2.981294726277446,
    2.9771079126295152,
    2.9548123668838335,
    2.9557407269111047,
    2.9027217823070486,
    2.9313275784581574,
    2.9190683286268633,
    2.8890471956232093,
    2.8706553322928294,
    2.809876806133396,
    2.7768802446323435,
    2.773212241602468,
    2.751476693939377
  ],
  "train_c_index": [
    0.6067790985107422,
    0.6125435829162598,
    0.6192551851272583,
    0.6120499968528748,
    0.6203885078430176,
    0.622718870639801,
    0.6296648979187012,
    0.636163055896759,
    0.6506466865539551,
    0.6822105050086975,
    0.7018479704856873,
    0.7245465517044067,
    0.7370957136154175,
    0.7430428862571716,
    0.761036217212677,
    0.7608598470687866,
    0.7692903280258179,
    0.7757591605186462,
    0.7806679010391235,
    0.7878926396369934,
    0.7891407012939453,
    0.7892885208129883,
    0.7963352203369141,
    0.7992203831672668,
    0.805971622467041,
    0.8036335706710815,
    0.8030267357826233,
    0.8182272911071777,
    0.8265079855918884,
    0.824457585811615,
    0.8327441215515137
  ],
  "val_loss": [
    3.330195883909861,
    3.321324904759725,
    3.2748650709788003,
    3.2607117295265198,
    3.3312592109044394,
    3.289319852987925,
    3.2752495805422464,
    3.2892210682233176,
    3.2622193892796836,
    3.2389805912971497,
    3.2940686345100403,
    3.2299134731292725,
    3.18129692475001,
    3.1757442951202393,
    3.118298808733622,
    3.1773232420285544,
    3.1002305150032043,
    3.104548474152883,
    3.1281800270080566,
    3.040712614854177,
    3.067943513393402,
    3.1098464727401733,
    3.0913222630818686,
    3.1261912981669107,
    3.0840901732444763,
    3.2435514330863953,
    3.207829455534617,
    3.18441375096639,
    3.1845906178156533,
    3.178254942099253,
    3.2411611874898276
  ],
  "val_c_index": [
    0.614104688167572,
    0.6172455549240112,
    0.6340376138687134,
    0.6369026899337769,
    0.6238949298858643,
    0.6311572194099426,
    0.6380517482757568,
    0.6469380855560303,
    0.6666257977485657,
    0.6929629445075989,
    0.6622286438941956,
    0.7045304775238037,
    0.7168640494346619,
    0.7167261838912964,
    0.7356478571891785,
    0.7318175435066223,
    0.7584304809570312,
    0.7476750016212463,
    0.7514899969100952,
    0.7621995210647583,
    0.762352705001831,
    0.7475524544715881,
    0.7553049921989441,
    0.7357397675514221,
    0.7439059615135193,
    0.7349430918693542,
    0.7277880907058716,
    0.7291210293769836,
    0.7443349957466125,
    0.7405659556388855,
    0.7400603890419006
  ],
  "learning_rates": [
    0.0003,
    0.0003,
    0.0003,
    0.0003,
    0.0003,
    0.0003,
    0.0003,
    0.0003,
    0.0003,
    0.0003,
    0.0003,
    0.0003,
    0.0003,
    0.0003,
    0.0003,
    0.0003,
    0.0003,
    0.0003,
    0.0003,
    0.0003,
    0.0003,
    0.0003,
    0.0003,
    0.0003,
    0.0003,
    0.0003,
    0.00015,
    0.00015,
    0.00015,
    0.00015,
    0.00015
  ]
}