{
  "cox_pca_10": {
    "model_name": "cox_pca_10",
    "n_components": 10,
    "train_c_index": 0.6600342153895372,
    "val_c_index": 0.6469923013353052,
    "test_c_index": 0.6363332470669427,
    "explained_variance": 0.4718775542200242,
    "n_params": 10
  },
  "cox_pca_25": {
    "model_name": "cox_pca_25",
    "n_components": 25,
    "train_c_index": 0.7352040299330435,
    "val_c_index": 0.7554477839154452,
    "test_c_index": 0.7138328157349897,
    "explained_variance": 0.6518901539647017,
    "n_params": 25
  },
  "cox_pca_50": {
    "model_name": "cox_pca_50",
    "n_components": 50,
    "train_c_index": 0.7551057894702952,
    "val_c_index": 0.7818494193380018,
    "test_c_index": 0.7322830400276052,
    "explained_variance": 0.7822737628527487,
    "n_params": 50
  },
  "cox_pca_100": {
    "model_name": "cox_pca_100",
    "n_components": 100,
    "train_c_index": 0.767304511205574,
    "val_c_index": 0.7836653473098169,
    "test_c_index": 0.7304175293305728,
    "explained_variance": 0.9050298487383216,
    "n_params": 100
  },
  "cox_raw": {
    "model_name": "cox_raw",
    "n_features": 198,
    "train_c_index": 0.7670425411569181,
    "val_c_index": 0.7824583532686703,
    "test_c_index": 0.7317546583850931,
    "n_params": 198
  },
  "elastic_net_cox": {
    "model_name": "elastic_net_cox",
    "n_features": 198,
    "n_selected": 17,
    "train_c_index": 0.7264519257848681,
    "val_c_index": 0.7329063546605193,
    "test_c_index": 0.7042141131815045,
    "n_params": 17
  }
}