{
  "MLP\n(no topology)": {
    "test_c_index": 0.7228575348854065,
    "val_c_index": 0.8084388971328735,
    "n_params": 268289,
    "uses_topology": false
  },
  "Transformer\n(no graph bias)": {
    "test_c_index": 0.6823899149894714,
    "val_c_index": 0.7363066673278809,
    "n_params": 1644801,
    "uses_topology": false
  },
  "Protein-only MLP\n(no clinical/genomic)": {
    "test_c_index": 0.7165523171424866,
    "val_c_index": 0.8027700781822205,
    "n_params": 266241,
    "uses_topology": false
  }
}