{
  "train_loss": [
    3.3787573929671404,
    3.3357267327361053,
    3.2705396715101305,
    3.211472194273393,
    3.129110798075959,
    3.0538840608282403,
    2.980037456030374,
    2.9949920832455814,
    2.952020681821383,
    2.9270673924750024,
    2.9250392625620076,
    2.9052450211493523,
    2.9097706354581394,
    2.8775994515681003,
    2.87062114411658,
    2.8329067649422113,
    2.8267877966493042,
    2.802078385929485,
    2.8181405119843537,
    2.8125413145337785,
    2.775262237905146,
    2.7576217363168904,
    2.6897859337565664,
    2.7024348227532355,
    2.64391403735339,
    2.6370023449698645,
    2.623995695795332,
    2.639484833885025,
    2.6224742905124203,
    2.5565343453333926,
    2.560732629272964
  ],
  "train_c_index": [
    0.6240007877349854,
    0.6386274695396423,
    0.6785416603088379,
    0.7102237939834595,
    0.7558422684669495,
    0.7558831572532654,
    0.7697178721427917,
    0.7833185791969299,
    0.7798612117767334,
    0.7999145984649658,
    0.7871096730232239,
    0.8024268746376038,
    0.807041585445404,
    0.8035931587219238,
    0.8061434626579285,
    0.8085618615150452,
    0.8076961040496826,
    0.8149506449699402,
    0.8200229406356812,
    0.8218252658843994,
    0.8276142477989197,
    0.8356440663337708,
    0.8382001519203186,
    0.8402742147445679,
    0.8474058508872986,
    0.8485643863677979,
    0.8507657647132874,
    0.8522865176200867,
    0.8590798377990723,
    0.8631218075752258,
    0.8635051250457764
  ],
  "val_loss": [
    3.2809961636861167,
    3.24677981932958,
    3.2070942521095276,
    3.172121604283651,
    3.053563674290975,
    3.091575006643931,
    3.0557030936082206,
    3.0846481124560037,
    3.0832379360993705,
    3.0601555903752646,
    3.077821046113968,
    3.0476942459742227,
    3.0370106200377145,
    3.0309049685796103,
    3.1422155102094016,
    3.0499493877092996,
    3.127804934978485,
    3.274535914262136,
    3.2685044010480246,
    3.1091683308283486,
    3.1815545757611594,
    3.147020618120829,
    3.1239522894223533,
    3.1030211448669434,
    3.271133561929067,
    3.270228127638499,
    3.1971580386161804,
    3.202961285909017,
    3.217691659927368,
    3.2314871350924173,
    3.270041803518931
  ],
  "val_c_index": [
    0.6305903196334839,
    0.6707931756973267,
    0.7070891261100769,
    0.7158988118171692,
    0.743323802947998,
    0.7420980930328369,
    0.7409489750862122,
    0.7357244491577148,
    0.735785722732544,
    0.7469855546951294,
    0.7392942905426025,
    0.7612802386283875,
    0.7564234137535095,
    0.755412220954895,
    0.7511682510375977,
    0.7647122144699097,
    0.7646968960762024,
    0.7403514981269836,
    0.7464186549186707,
    0.753558337688446,
    0.7509384155273438,
    0.7605448365211487,
    0.7563161849975586,
    0.758415162563324,
    0.7549372315406799,
    0.7521181702613831,
    0.7606520652770996,
    0.7393249273300171,
    0.74759840965271,
    0.7522713541984558,
    0.7482572197914124
  ],
  "learning_rates": [
    0.0001,
    0.0001,
    0.0001,
    0.0001,
    0.0001,
    0.0001,
    0.0001,
    0.0001,
    0.0001,
    0.0001,
    0.0001,
    0.0001,
    0.0001,
    0.0001,
    0.0001,
    0.0001,
    0.0001,
    0.0001,
    0.0001,
    0.0001,
    0.0001,
    5e-05,
    5e-05,
    5e-05,
    5e-05,
    5e-05,
    5e-05,
    2.5e-05,
    2.5e-05,
    2.5e-05,
    2.5e-05
  ]
}