pathway,n_high_activation_no_mut,n_low_activation_has_mut,n_high_activation_has_mut,n_low_activation_no_mut,pct_high_activation_no_mut,pct_low_activation_has_mut,mean_score_mutated,mean_score_wildtype,score_diff_pvalue
PI3K_AKT_MTOR,2089,295,81,5058,27.768177588727898,3.9213079888342417,-0.19481190591409575,-0.13238085036527214,0.0024740658298653974
MAPK_ERK,2007,48,13,5455,26.67818689352652,0.638043333776419,-0.14242615484262292,-0.15565771137183063,0.7442197250140482
RTK_SIGNALING,1591,74,24,5834,21.148478000797553,0.9836501395719793,-0.3833813810145772,-0.38613069551051465,0.9230857267805402
CELL_CYCLE,2204,223,92,5004,29.296823075900573,2.9642429881696133,-0.12956033947724868,-0.1419142486178166,0.3682114931866869
WNT_BETA_CATENIN,2322,24,3,5174,30.86534627143427,0.3190216668882095,1.3327135123333331,1.613166065958711,0.025964162472776355
APOPTOSIS,2086,14,4,5419,27.728299880366876,0.18609597235145553,0.21464419450000002,0.3171220874361981,0.2656460230942473
