{
  "train_loss": [
    3.735142048898634,
    3.398165393661667,
    3.2455142644735484,
    3.2120308614039157,
    3.178171320275946,
    3.167809096011487,
    3.144428279373672,
    3.105211774071494,
    3.077283352285951,
    3.0812821565093573,
    3.103872244174664,
    3.0817090233603674,
    3.0701877756433174,
    3.03180264378642,
    3.033593017976363,
    3.0140534259460785,
    3.010478826669546,
    3.000598422773592,
    2.9522366104545172,
    2.927480283674303,
    2.9565727081927626,
    2.9337692974687934,
    2.918323632125016,
    2.893602599154462,
    2.870911886403849,
    2.8602449762952196,
    2.8571272734757307,
    2.855090570973826,
    2.8057837591066463,
    2.7835306178082475,
    2.7562696750347433,
    2.740948137346205
  ],
  "train_c_index": [
    0.6550731658935547,
    0.6743232607841492,
    0.7205396294593811,
    0.737165629863739,
    0.7378607988357544,
    0.7410638928413391,
    0.7424092292785645,
    0.7522229552268982,
    0.7573155760765076,
    0.7582887411117554,
    0.7634502649307251,
    0.7612941861152649,
    0.7705736756324768,
    0.7775729298591614,
    0.7678097486495972,
    0.7798730134963989,
    0.7832977771759033,
    0.7878745198249817,
    0.7941479086875916,
    0.7993007302284241,
    0.8006733655929565,
    0.8063721060752869,
    0.8143287897109985,
    0.8144045472145081,
    0.8166959285736084,
    0.820732593536377,
    0.827773928642273,
    0.8365480303764343,
    0.8352823257446289,
    0.8394445776939392,
    0.840713381767273,
    0.8444703817367554
  ],
  "val_loss": [
    3.3025537530581155,
    3.228745222091675,
    3.1683698097864785,
    3.1732357144355774,
    3.0785763462384543,
    3.170833686987559,
    3.0705712338288627,
    3.076620638370514,
    3.0696948170661926,
    3.0114142100016275,
    3.0559227069218955,
    3.0580217440923056,
    3.0058038036028543,
    3.0191540916760764,
    3.0522960225741067,
    3.0361831386884055,
    3.05302486817042,
    2.9978486200173697,
    2.9748002886772156,
    2.9703540007273355,
    2.9925638238588967,
    3.010195235411326,
    3.0269373059272766,
    3.0671107371648154,
    2.9856830835342407,
    2.989952872196833,
    3.011861264705658,
    3.04283599058787,
    3.0870647629102073,
    3.070755978425344,
    3.093999902407328,
    3.09152360757192
  ],
  "val_c_index": [
    0.6675910353660583,
    0.6842911839485168,
    0.7198823094367981,
    0.7320473790168762,
    0.7510456442832947,
    0.7527157068252563,
    0.7565153241157532,
    0.7647122144699097,
    0.7652484178543091,
    0.7745790481567383,
    0.7725260257720947,
    0.7651565074920654,
    0.7799874544143677,
    0.7768006324768066,
    0.7652330994606018,
    0.7726485729217529,
    0.7711164355278015,
    0.7768006324768066,
    0.7858861088752747,
    0.7856256365776062,
    0.7834346890449524,
    0.7861465811729431,
    0.7796503901481628,
    0.775314450263977,
    0.776126503944397,
    0.7718978524208069,
    0.7717599272727966,
    0.7660911083221436,
    0.7612802386283875,
    0.7518270611763,
    0.752056896686554,
    0.7546154856681824
  ],
  "learning_rates": [
    0.0003,
    0.0003,
    0.0003,
    0.0003,
    0.0003,
    0.0003,
    0.0003,
    0.0003,
    0.0003,
    0.0003,
    0.0003,
    0.0003,
    0.0003,
    0.0003,
    0.0003,
    0.0003,
    0.0003,
    0.0003,
    0.0003,
    0.0003,
    0.0003,
    0.0003,
    0.0003,
    0.0003,
    0.0003,
    0.0003,
    0.0003,
    0.00015,
    0.00015,
    0.00015,
    0.00015,
    0.00015
  ]
}